id,registration_date,registration_type,country
1,2023-04-07,standard,FR
2,2023-02-15,premium,UK
3,2023-01-05,standard,DE
4,2023-05-11,premium,DE
5,2023-10-13,premium,DE
6,2024-02-15,premium,US
7,2023-04-06,premium,FR
8,2023-04-20,premium,FR
9,2023-03-22,standard,RU
10,2023-08-01,standard,DE
11,2024-01-13,vip,UK
12,2023-05-21,vip,UK
13,2023-09-04,vip,IN
14,2023-11-21,premium,US
15,2023-12-04,premium,US
16,2024-01-29,standard,RU
17,2023-10-29,vip,DE
18,2023-04-17,vip,IN
19,2023-06-14,vip,US
20,2023-12-08,vip,DE
21,2024-02-08,vip,DE
22,2024-02-10,standard,DE
23,2023-03-15,standard,IN
24,2023-01-18,vip,UK
25,2023-07-09,vip,UK
26,2024-01-30,standard,DE
27,2024-01-27,vip,US
28,2023-12-13,vip,RU
29,2023-02-21,vip,IN
30,2024-01-19,vip,FR
31,2023-03-04,vip,US
32,2023-02-10,premium,US
33,2023-03-01,standard,FR
34,2024-02-20,premium,DE
35,2023-07-08,premium,IN
36,2023-03-27,vip,RU
37,2023-05-26,vip,US
38,2023-01-02,standard,DE
39,2023-06-01,standard,UK
40,2023-11-08,standard,UK
41,2023-08-20,vip,IN
42,2023-02-02,vip,IN
43,2023-06-06,premium,US
44,2023-06-09,premium,US
45,2023-04-06,vip,DE
46,2023-10-30,vip,FR
47,2023-11-24,standard,UK
48,2023-09-22,premium,FR
49,2023-01-03,standard,UK
50,2023-10-16,standard,DE
51,2023-09-05,premium,IN
52,2023-09-15,standard,RU
53,2023-12-17,premium,FR
54,2023-01-29,premium,RU
55,2023-10-13,vip,UK
56,2023-12-03,vip,FR
57,2023-10-26,premium,IN
58,2023-05-12,standard,US
59,2023-08-18,vip,UK
60,2023-10-07,premium,FR
61,2023-12-24,standard,DE
62,2023-01-11,vip,US
63,2023-12-16,premium,FR
64,2023-06-12,standard,US
65,2023-09-19,standard,US
66,2023-02-05,vip,RU
67,2023-04-11,vip,RU
68,2023-08-07,standard,IN
69,2023-12-28,standard,FR
70,2023-09-16,vip,RU
71,2023-11-27,standard,UK
72,2023-02-24,vip,UK
73,2023-01-30,vip,FR
74,2023-09-19,standard,US
75,2024-02-29,vip,IN
76,2024-02-26,vip,IN
77,2023-03-07,vip,RU
78,2024-02-06,premium,UK
79,2023-09-27,premium,IN
80,2023-10-22,vip,DE
81,2024-02-04,premium,RU
82,2023-09-15,vip,FR
83,2023-07-01,vip,DE
84,2024-02-01,standard,US
85,2023-09-13,premium,RU
86,2023-04-23,premium,IN
87,2023-12-10,premium,RU
88,2023-09-20,vip,IN
89,2023-11-16,standard,IN
90,2023-10-29,standard,US
91,2023-06-19,standard,FR
92,2023-12-11,premium,RU
93,2023-06-21,standard,FR
94,2023-04-21,standard,US
95,2023-10-24,standard,UK
96,2024-02-18,standard,FR
97,2023-08-22,vip,IN
98,2023-04-12,standard,DE
99,2023-04-14,vip,DE
100,2023-04-29,vip,RU
101,2023-09-08,vip,DE
102,2023-05-04,premium,DE
103,2023-10-16,standard,UK
104,2023-12-28,standard,IN
105,2023-09-26,vip,RU
106,2023-05-27,premium,UK
107,2023-10-16,standard,RU
108,2023-12-07,standard,FR
109,2024-01-28,standard,UK
110,2023-04-17,standard,US
111,2024-02-09,vip,IN
112,2023-12-14,standard,IN
113,2023-07-13,premium,US
114,2023-02-07,standard,UK
115,2023-06-26,vip,US
116,2023-12-29,vip,FR
117,2023-02-02,vip,IN
118,2023-09-10,standard,DE
119,2023-07-10,standard,RU
120,2023-01-27,standard,RU
121,2023-12-27,premium,UK
122,2024-01-05,vip,FR
123,2024-01-18,vip,FR
124,2023-02-16,standard,RU
125,2024-02-22,standard,RU
126,2024-02-14,premium,RU
127,2023-11-11,vip,FR
128,2023-05-25,vip,UK
129,2023-12-03,standard,UK
130,2023-09-30,vip,DE
131,2023-01-12,vip,DE
132,2023-01-25,standard,IN
133,2023-09-14,premium,DE
134,2023-04-16,standard,IN
135,2023-06-08,vip,DE
136,2024-01-25,standard,DE
137,2023-01-04,vip,IN
138,2023-04-07,premium,IN
139,2023-02-06,standard,UK
140,2023-11-17,vip,IN
141,2023-06-25,premium,RU
142,2023-07-17,standard,UK
143,2023-11-20,vip,US
144,2023-08-05,standard,US
145,2023-01-23,standard,UK
146,2023-07-09,standard,DE
147,2023-12-24,vip,DE
148,2023-08-31,premium,US
149,2023-02-04,premium,US
150,2023-02-27,standard,IN
151,2023-12-13,standard,RU
152,2024-01-21,premium,IN
153,2023-05-09,vip,DE
154,2023-10-25,vip,FR
155,2023-03-29,premium,IN
156,2023-09-26,premium,DE
157,2023-03-22,vip,RU
158,2023-12-09,premium,FR
159,2023-08-01,premium,UK
160,2023-09-03,vip,RU
161,2023-10-22,vip,IN
162,2023-07-10,vip,IN
163,2023-01-19,standard,DE
164,2023-06-30,premium,US
165,2023-12-20,vip,DE
166,2023-03-12,premium,DE
167,2023-06-25,premium,UK
168,2023-12-09,vip,RU
169,2024-01-08,premium,UK
170,2023-10-12,standard,IN
171,2023-03-23,standard,UK
172,2023-12-14,vip,IN
173,2023-04-22,vip,RU
174,2023-03-11,vip,IN
175,2023-05-16,standard,UK
176,2023-06-22,vip,UK
177,2023-04-02,standard,IN
178,2023-08-05,premium,US
179,2023-01-02,standard,US
180,2023-10-24,premium,DE
181,2023-07-14,standard,FR
182,2023-10-13,premium,UK
183,2023-07-14,standard,RU
184,2024-01-01,standard,RU
185,2023-03-05,premium,DE
186,2023-02-05,vip,RU
187,2023-06-25,vip,RU
188,2023-10-31,vip,UK
189,2023-03-05,vip,FR
190,2023-06-12,premium,US
191,2023-12-23,vip,US
192,2023-08-09,standard,FR
193,2023-11-11,standard,RU
194,2023-07-05,standard,US
195,2023-04-20,vip,FR
196,2023-02-27,premium,FR
197,2023-01-13,vip,RU
198,2023-10-25,premium,IN
199,2023-12-07,vip,US
200,2023-07-28,vip,US
201,2024-02-25,standard,RU
202,2024-01-25,premium,DE
203,2023-04-28,standard,FR
204,2023-07-30,standard,FR
205,2023-09-01,standard,DE
206,2023-05-21,standard,RU
207,2023-04-22,premium,UK
208,2023-12-23,vip,US
209,2023-02-01,vip,US
210,2023-11-04,standard,FR
211,2023-11-08,premium,DE
212,2023-09-07,vip,US
213,2023-10-27,standard,IN
214,2023-03-04,standard,US
215,2024-01-27,vip,FR
216,2023-04-21,standard,FR
217,2024-02-17,vip,UK
218,2023-08-05,standard,UK
219,2023-10-28,premium,IN
220,2023-11-27,premium,US
221,2023-05-17,standard,FR
222,2023-12-31,vip,FR
223,2023-09-14,vip,DE
224,2023-04-20,standard,IN
225,2023-06-24,premium,US
226,2023-02-25,standard,US
227,2023-06-13,vip,US
228,2023-07-30,vip,IN
229,2023-08-16,standard,RU
230,2023-06-18,standard,DE
231,2023-06-17,vip,IN
232,2023-10-12,vip,RU
233,2024-02-26,premium,UK
234,2023-09-05,vip,RU
235,2024-01-03,standard,IN
236,2023-04-28,premium,IN
237,2023-03-14,standard,US
238,2023-10-25,vip,FR
239,2023-09-25,vip,RU
240,2023-04-28,premium,RU
241,2023-08-28,vip,DE
242,2023-06-09,standard,UK
243,2023-11-19,premium,FR
244,2023-09-15,standard,UK
245,2023-04-03,standard,US
246,2023-12-09,vip,IN
247,2023-04-23,vip,US
248,2023-05-05,premium,US
249,2023-10-16,premium,UK
250,2023-12-12,premium,UK
251,2023-11-30,premium,DE
252,2023-02-08,standard,FR
253,2024-01-07,vip,RU
254,2023-02-04,vip,UK
255,2023-03-06,standard,UK
256,2023-01-19,vip,US
257,2023-12-17,standard,DE
258,2023-07-26,vip,US
259,2023-04-15,premium,DE
260,2023-02-01,standard,DE
261,2023-01-04,vip,DE
262,2023-09-17,standard,IN
263,2023-08-31,vip,FR
264,2023-03-26,standard,US
265,2023-04-13,premium,FR
266,2023-06-06,standard,IN
267,2023-05-04,standard,IN
268,2023-04-09,standard,IN
269,2023-03-11,standard,FR
270,2024-02-05,premium,IN
271,2023-01-20,standard,FR
272,2023-11-12,vip,IN
273,2023-02-27,vip,DE
274,2023-01-07,standard,RU
275,2023-10-17,premium,US
276,2023-05-27,premium,FR
277,2023-04-21,standard,RU
278,2024-01-23,standard,US
279,2023-06-23,standard,US
280,2023-10-05,vip,IN
281,2023-01-02,premium,RU
282,2023-11-10,vip,RU
283,2023-05-20,premium,IN
284,2024-02-24,vip,FR
285,2023-03-01,vip,RU
286,2023-08-10,vip,FR
287,2023-10-20,standard,IN
288,2023-09-15,premium,DE
289,2023-11-04,premium,RU
290,2023-06-19,premium,RU
291,2023-03-26,premium,DE
292,2023-04-22,standard,DE
293,2023-02-09,premium,US
294,2023-03-04,premium,RU
295,2023-07-01,standard,FR
296,2023-02-25,standard,IN
297,2023-10-22,standard,UK
298,2023-02-11,premium,RU
299,2023-04-05,vip,DE
300,2023-05-12,premium,US
301,2023-01-06,premium,FR
302,2023-09-17,vip,US
303,2023-09-08,premium,RU
304,2023-07-28,premium,UK
305,2023-11-14,vip,UK
306,2023-02-07,premium,RU
307,2023-11-30,premium,DE
308,2023-01-19,vip,RU
309,2024-02-09,standard,DE
310,2023-10-30,vip,DE
311,2023-03-03,premium,US
312,2023-04-15,premium,IN
313,2024-02-17,vip,IN
314,2023-09-28,premium,FR
315,2023-06-23,premium,DE
316,2024-01-07,premium,RU
317,2023-02-09,standard,US
318,2023-04-24,vip,DE
319,2023-11-25,premium,IN
320,2023-01-12,premium,US
321,2023-01-02,standard,US
322,2023-03-27,standard,RU
323,2023-01-23,vip,RU
324,2024-02-14,vip,UK
325,2023-05-26,standard,IN
326,2023-02-03,standard,RU
327,2023-09-28,premium,UK
328,2023-02-10,standard,US
329,2023-08-18,standard,FR
330,2023-12-23,standard,RU
331,2023-06-13,vip,US
332,2024-01-15,vip,FR
333,2023-03-08,premium,RU
334,2023-04-04,premium,RU
335,2023-11-22,standard,DE
336,2023-02-02,standard,US
337,2023-08-02,standard,US
338,2023-05-28,standard,DE
339,2023-03-12,standard,US
340,2023-08-16,premium,RU
341,2024-01-24,premium,DE
342,2023-11-07,standard,DE
343,2023-08-18,premium,UK
344,2023-09-13,standard,IN
345,2023-09-01,standard,UK
346,2023-09-05,vip,US
347,2023-05-22,standard,DE
348,2024-01-09,vip,IN
349,2023-10-01,vip,IN
350,2023-09-30,vip,DE
351,2023-09-16,standard,FR
352,2023-10-11,vip,US
353,2023-02-19,vip,RU
354,2023-10-12,standard,IN
355,2023-12-26,standard,IN
356,2023-03-20,vip,FR
357,2023-12-21,vip,UK
358,2023-06-02,vip,US
359,2023-01-05,standard,RU
360,2024-01-25,premium,DE
361,2023-04-18,vip,US
362,2023-03-16,premium,UK
363,2024-01-10,standard,FR
364,2023-06-15,vip,US
365,2023-05-06,standard,UK
366,2024-02-16,standard,US
367,2023-06-03,standard,FR
368,2023-06-04,premium,US
369,2023-09-10,standard,DE
370,2023-08-03,premium,RU
371,2024-01-31,vip,US
372,2023-01-25,standard,RU
373,2024-01-31,premium,IN
374,2023-06-09,premium,IN
375,2023-04-08,vip,DE
376,2023-08-06,standard,IN
377,2023-11-24,vip,UK
378,2024-02-27,standard,UK
379,2023-03-15,vip,RU
380,2023-04-17,premium,UK
381,2023-07-08,premium,UK
382,2023-08-22,vip,IN
383,2023-10-14,premium,US
384,2024-01-30,premium,IN
385,2023-07-05,vip,UK
386,2023-04-10,vip,RU
387,2023-05-04,vip,FR
388,2023-03-24,standard,UK
389,2023-11-13,standard,IN
390,2023-08-19,vip,UK
391,2023-07-06,premium,US
392,2023-05-19,premium,RU
393,2023-05-04,vip,IN
394,2023-01-09,vip,US
395,2023-04-22,standard,FR
396,2023-11-17,standard,RU
397,2023-09-13,standard,UK
398,2023-05-17,premium,RU
399,2023-12-28,vip,US
400,2023-01-30,premium,IN
401,2023-04-26,standard,US
402,2023-05-15,vip,RU
403,2023-09-21,standard,UK
404,2023-08-25,vip,DE
405,2023-12-29,premium,FR
406,2023-07-13,standard,UK
407,2023-10-31,premium,DE
408,2023-04-10,vip,RU
409,2023-04-11,standard,UK
410,2023-04-27,premium,DE
411,2023-10-06,premium,UK
412,2023-10-15,vip,DE
413,2023-01-21,vip,IN
414,2023-12-14,premium,DE
415,2023-03-01,vip,DE
416,2023-02-15,standard,RU
417,2023-03-16,vip,RU
418,2024-01-26,vip,RU
419,2023-01-20,premium,UK
420,2023-10-03,premium,DE
421,2023-07-19,vip,UK
422,2023-09-04,standard,IN
423,2023-08-22,standard,FR
424,2023-02-05,vip,DE
425,2023-08-22,premium,UK
426,2024-01-11,standard,UK
427,2024-01-14,standard,IN
428,2024-01-01,vip,FR
429,2023-09-26,standard,IN
430,2023-09-09,standard,IN
431,2023-03-22,standard,UK
432,2023-02-04,standard,UK
433,2023-07-31,premium,RU
434,2023-01-11,premium,US
435,2023-07-05,standard,US
436,2023-05-17,premium,IN
437,2023-11-18,premium,DE
438,2023-03-27,standard,DE
439,2023-09-22,premium,US
440,2023-12-21,vip,RU
441,2024-02-26,vip,DE
442,2023-08-12,premium,UK
443,2023-09-15,standard,UK
444,2023-08-11,premium,FR
445,2023-08-02,vip,IN
446,2023-12-08,premium,DE
447,2023-05-28,premium,IN
448,2023-02-25,standard,IN
449,2023-05-04,premium,UK
450,2023-08-22,premium,DE
451,2023-12-26,vip,FR
452,2023-01-29,vip,US
453,2023-01-14,premium,DE
454,2023-04-25,premium,RU
455,2023-02-02,standard,IN
456,2023-09-25,premium,FR
457,2023-08-28,vip,RU
458,2023-06-30,vip,IN
459,2023-08-30,standard,UK
460,2023-04-30,vip,IN
461,2023-05-10,premium,FR
462,2023-05-10,standard,UK
463,2023-02-06,premium,UK
464,2023-10-29,premium,FR
465,2023-01-31,standard,UK
466,2023-11-01,vip,DE
467,2023-10-09,premium,DE
468,2023-08-14,standard,IN
469,2023-01-10,standard,FR
470,2024-02-26,standard,UK
471,2023-05-14,vip,US
472,2023-03-07,standard,UK
473,2023-08-01,vip,RU
474,2023-03-23,vip,US
475,2023-08-06,standard,FR
476,2023-12-25,premium,US
477,2023-10-06,premium,FR
478,2023-09-08,vip,US
479,2023-02-06,standard,US
480,2024-01-18,standard,UK
481,2023-08-28,standard,RU
482,2023-01-04,standard,RU
483,2023-01-28,standard,RU
484,2023-09-15,premium,UK
485,2023-04-25,standard,DE
486,2023-10-04,vip,DE
487,2023-07-01,vip,RU
488,2023-07-24,vip,RU
489,2023-10-18,standard,DE
490,2023-10-15,standard,UK
491,2023-09-19,vip,DE
492,2023-11-04,vip,IN
493,2023-06-02,vip,IN
494,2023-05-17,vip,US
495,2023-05-09,premium,FR
496,2023-05-14,premium,DE
497,2023-03-05,premium,US
498,2023-06-30,standard,UK
499,2024-02-17,standard,FR
500,2023-10-27,standard,RU
501,2023-05-24,vip,US
502,2023-01-13,vip,IN
503,2023-02-12,vip,RU
504,2024-01-08,premium,RU
505,2023-11-17,standard,DE
506,2023-08-19,standard,UK
507,2023-06-04,standard,IN
508,2024-02-03,vip,DE
509,2023-08-11,vip,UK
510,2023-11-25,vip,FR
511,2023-05-12,premium,US
512,2023-04-14,standard,IN
513,2023-05-13,premium,DE
514,2023-11-30,standard,UK
515,2023-06-26,premium,US
516,2023-02-13,vip,US
517,2023-07-10,vip,DE
518,2023-06-26,vip,UK
519,2023-12-08,premium,US
520,2023-03-07,vip,RU
521,2023-11-26,vip,DE
522,2024-02-11,standard,US
523,2023-04-08,premium,DE
524,2023-06-10,vip,IN
525,2023-07-17,premium,DE
526,2023-07-26,vip,DE
527,2023-11-28,standard,UK
528,2023-06-03,premium,RU
529,2023-01-19,standard,DE
530,2023-05-18,standard,FR
531,2023-08-24,vip,IN
532,2023-01-23,vip,IN
533,2023-06-25,standard,FR
534,2023-11-12,standard,FR
535,2023-07-29,premium,RU
536,2023-01-31,vip,UK
537,2023-09-05,premium,IN
538,2023-09-28,vip,FR
539,2023-05-23,premium,FR
540,2023-08-18,vip,IN
541,2023-03-21,premium,RU
542,2023-02-28,premium,FR
543,2023-01-18,standard,RU
544,2023-06-13,vip,FR
545,2023-02-14,vip,FR
546,2023-05-30,standard,DE
547,2024-02-25,standard,US
548,2023-08-16,premium,DE
549,2023-04-22,standard,UK
550,2024-01-15,vip,UK
551,2023-11-29,vip,IN
552,2023-05-19,vip,US
553,2023-04-15,vip,IN
554,2023-01-17,standard,DE
555,2023-06-20,vip,DE
556,2023-01-09,vip,US
557,2023-09-11,standard,RU
558,2023-05-06,vip,FR
559,2023-04-25,premium,UK
560,2023-09-04,standard,FR
561,2023-02-08,standard,RU
562,2023-06-14,vip,RU
563,2023-11-19,standard,FR
564,2023-08-20,vip,FR
565,2023-11-15,vip,US
566,2023-02-21,vip,FR
567,2023-06-11,vip,DE
568,2023-09-29,standard,US
569,2023-01-30,premium,FR
570,2023-01-21,vip,UK
571,2024-02-23,standard,IN
572,2024-01-04,standard,FR
573,2023-04-24,premium,UK
574,2023-12-05,vip,DE
575,2023-12-18,standard,RU
576,2023-07-30,vip,IN
577,2023-08-06,standard,UK
578,2023-06-14,premium,US
579,2023-09-06,vip,DE
580,2024-02-14,vip,FR
581,2023-09-21,vip,RU
582,2023-06-29,vip,UK
583,2023-07-28,premium,UK
584,2023-02-03,vip,DE
585,2024-01-16,vip,RU
586,2023-12-31,premium,UK
587,2024-01-21,vip,FR
588,2023-12-21,standard,FR
589,2023-10-29,premium,IN
590,2023-12-14,vip,UK
591,2023-02-05,vip,US
592,2023-11-30,standard,RU
593,2023-01-20,standard,DE
594,2023-10-02,vip,US
595,2023-03-18,premium,FR
596,2023-03-24,vip,UK
597,2023-04-28,vip,RU
598,2023-10-22,standard,RU
599,2023-09-09,vip,IN
600,2023-02-22,standard,RU
601,2023-05-21,vip,RU
602,2024-02-19,premium,UK
603,2023-03-19,premium,DE
604,2023-01-11,standard,FR
605,2023-02-15,vip,RU
606,2023-06-02,vip,UK
607,2023-10-31,premium,DE
608,2023-08-09,vip,UK
609,2023-10-16,vip,RU
610,2023-07-18,premium,DE
611,2023-07-17,standard,US
612,2023-10-11,vip,DE
613,2023-09-11,standard,US
614,2023-12-27,premium,RU
615,2023-01-25,premium,UK
616,2023-03-09,vip,IN
617,2023-07-25,vip,RU
618,2023-07-19,vip,FR
619,2023-08-15,vip,FR
620,2023-08-12,premium,IN
621,2023-06-19,standard,UK
622,2023-07-29,standard,UK
623,2024-01-27,premium,DE
624,2023-11-26,vip,DE
625,2023-07-21,vip,US
626,2023-09-29,vip,US
627,2023-12-29,premium,UK
628,2023-05-09,vip,US
629,2023-10-17,standard,IN
630,2023-06-09,standard,FR
631,2023-12-08,standard,DE
632,2023-09-11,standard,US
633,2023-09-30,premium,US
634,2023-08-24,premium,DE
635,2023-04-04,vip,IN
636,2023-11-12,vip,DE
637,2023-04-05,vip,DE
638,2024-02-06,standard,UK
639,2023-11-17,standard,UK
640,2023-01-21,premium,FR
641,2023-01-30,vip,UK
642,2023-08-16,standard,FR
643,2024-02-21,vip,DE
644,2023-09-12,premium,UK
645,2023-06-28,vip,IN
646,2023-06-04,vip,UK
647,2024-02-07,vip,DE
648,2023-12-27,premium,RU
649,2023-03-23,standard,RU
650,2023-09-03,vip,UK
651,2023-11-30,standard,IN
652,2023-01-22,vip,RU
653,2023-08-07,vip,RU
654,2023-03-31,standard,US
655,2023-11-22,vip,IN
656,2023-12-12,standard,UK
657,2023-01-20,premium,DE
658,2023-06-22,premium,RU
659,2023-12-06,vip,US
660,2023-11-27,premium,US
661,2023-10-22,premium,RU
662,2023-09-21,standard,RU
663,2024-01-02,premium,FR
664,2024-01-30,standard,FR
665,2023-06-11,premium,DE
666,2024-02-09,premium,FR
667,2023-01-19,vip,FR
668,2023-08-09,standard,US
669,2024-02-22,premium,FR
670,2023-05-27,standard,UK
671,2023-11-27,vip,DE
672,2023-06-09,premium,FR
673,2024-01-02,vip,FR
674,2024-01-23,standard,RU
675,2023-02-03,standard,FR
676,2023-12-17,standard,FR
677,2023-10-19,standard,IN
678,2023-07-25,standard,US
679,2024-01-15,premium,UK
680,2023-08-27,standard,DE
681,2023-04-01,vip,US
682,2024-01-28,standard,UK
683,2024-02-29,vip,DE
684,2023-01-12,vip,IN
685,2023-01-15,standard,UK
686,2023-11-25,vip,RU
687,2024-01-20,vip,FR
688,2024-01-27,standard,FR
689,2023-02-21,standard,DE
690,2023-01-07,vip,RU
691,2023-04-11,vip,FR
692,2023-11-08,vip,UK
693,2023-08-31,standard,DE
694,2023-08-02,standard,RU
695,2023-09-10,standard,RU
696,2023-04-11,premium,RU
697,2023-01-05,premium,FR
698,2023-01-20,premium,DE
699,2023-09-19,premium,FR
700,2023-12-28,standard,US
701,2024-01-09,standard,UK
702,2023-03-22,standard,US
703,2024-01-23,premium,FR
704,2023-07-01,standard,DE
705,2023-06-05,standard,UK
706,2024-02-08,standard,DE
707,2024-02-25,vip,DE
708,2023-05-02,standard,DE
709,2023-06-08,vip,IN
710,2023-03-27,vip,IN
711,2023-12-11,standard,UK
712,2023-03-24,premium,US
713,2023-07-12,vip,US
714,2023-02-23,premium,UK
715,2023-08-31,standard,IN
716,2024-01-16,premium,FR
717,2023-10-18,vip,RU
718,2023-03-28,vip,UK
719,2023-08-16,vip,UK
720,2023-03-08,premium,UK
721,2023-05-05,vip,UK
722,2023-12-06,standard,FR
723,2023-11-18,standard,IN
724,2023-01-12,vip,IN
725,2023-08-17,vip,DE
726,2023-09-05,vip,UK
727,2023-07-12,premium,UK
728,2023-08-06,standard,RU
729,2023-01-14,vip,FR
730,2023-12-01,vip,RU
731,2023-05-28,vip,DE
732,2023-07-27,vip,FR
733,2023-10-02,vip,DE
734,2023-08-27,vip,FR
735,2024-01-17,premium,DE
736,2024-02-21,standard,UK
737,2023-10-23,vip,UK
738,2023-08-04,premium,US
739,2023-03-29,vip,DE
740,2023-01-02,vip,DE
741,2024-02-12,standard,FR
742,2023-07-18,premium,RU
743,2023-01-23,standard,FR
744,2024-02-23,vip,UK
745,2024-02-16,vip,DE
746,2023-02-25,standard,US
747,2023-02-06,premium,UK
748,2023-01-15,standard,RU
749,2023-03-21,premium,UK
750,2023-08-26,premium,RU
751,2023-06-14,vip,FR
752,2023-11-27,premium,IN
753,2023-09-11,vip,IN
754,2023-09-22,standard,DE
755,2023-12-20,vip,UK
756,2023-12-09,vip,RU
757,2023-07-14,vip,FR
758,2023-01-01,premium,UK
759,2023-03-15,premium,RU
760,2023-10-21,standard,DE
761,2023-12-02,standard,US
762,2023-07-24,premium,FR
763,2023-03-25,vip,FR
764,2023-03-22,vip,DE
765,2024-01-16,vip,FR
766,2024-01-27,standard,IN
767,2023-10-04,standard,DE
768,2023-03-30,premium,DE
769,2023-07-03,vip,US
770,2023-06-04,premium,US
771,2023-03-03,standard,FR
772,2023-12-30,standard,RU
773,2023-07-16,premium,DE
774,2023-12-27,vip,UK
775,2023-05-13,standard,RU
776,2023-06-21,standard,US
777,2023-09-22,standard,UK
778,2023-02-06,standard,IN
779,2024-01-19,standard,FR
780,2024-01-20,premium,IN
781,2024-01-14,premium,FR
782,2024-01-14,vip,FR
783,2023-04-16,standard,US
784,2023-04-28,vip,FR
785,2023-05-23,standard,UK
786,2024-01-26,vip,US
787,2023-04-09,premium,DE
788,2023-06-16,standard,IN
789,2023-11-17,vip,IN
790,2023-11-01,premium,RU
791,2023-07-07,premium,US
792,2023-04-12,standard,IN
793,2023-04-22,vip,DE
794,2023-05-27,premium,UK
795,2023-04-23,vip,UK
796,2023-01-05,premium,US
797,2023-04-25,premium,IN
798,2023-12-03,standard,FR
799,2023-01-24,standard,UK
800,2023-01-08,standard,IN
801,2023-03-09,vip,RU
802,2023-02-22,standard,FR
803,2023-01-24,standard,US
804,2023-04-19,vip,IN
805,2023-01-13,vip,FR
806,2023-06-17,premium,FR
807,2023-12-21,standard,DE
808,2023-04-17,premium,RU
809,2023-02-09,premium,UK
810,2023-08-04,premium,FR
811,2023-03-22,premium,US
812,2023-02-15,premium,IN
813,2023-02-16,standard,IN
814,2023-06-07,premium,US
815,2023-03-19,premium,UK
816,2023-09-26,premium,FR
817,2023-11-12,vip,DE
818,2023-02-15,vip,UK
819,2023-05-21,vip,UK
820,2023-05-19,standard,RU
821,2024-02-15,premium,UK
822,2024-01-05,standard,IN
823,2023-02-10,vip,RU
824,2023-10-03,premium,IN
825,2023-04-09,standard,US
826,2023-09-26,standard,UK
827,2023-07-15,standard,UK
828,2024-01-08,standard,RU
829,2024-02-29,premium,FR
830,2023-03-22,vip,DE
831,2023-11-10,standard,IN
832,2023-12-13,vip,FR
833,2023-10-25,vip,IN
834,2024-01-31,standard,US
835,2023-04-12,premium,DE
836,2023-03-05,premium,FR
837,2024-02-08,standard,DE
838,2024-01-09,vip,UK
839,2023-04-09,standard,DE
840,2023-02-06,vip,UK
841,2023-05-27,premium,UK
842,2023-09-18,premium,UK
843,2024-02-11,standard,US
844,2023-09-23,standard,US
845,2023-04-06,premium,FR
846,2024-01-08,premium,UK
847,2023-09-04,vip,IN
848,2024-01-26,premium,UK
849,2023-07-05,standard,RU
850,2024-01-07,vip,IN
851,2023-03-30,premium,RU
852,2023-07-09,standard,RU
853,2023-11-11,standard,FR
854,2023-01-15,premium,FR
855,2023-09-30,vip,US
856,2023-05-13,vip,IN
857,2023-09-10,standard,RU
858,2024-02-09,standard,UK
859,2023-09-17,premium,RU
860,2023-09-14,vip,RU
861,2023-08-25,standard,UK
862,2023-05-07,vip,IN
863,2023-11-27,premium,FR
864,2024-01-27,premium,IN
865,2023-07-02,standard,RU
866,2023-12-22,premium,IN
867,2023-05-15,vip,DE
868,2023-12-17,standard,UK
869,2023-07-25,vip,FR
870,2023-11-17,vip,IN
871,2024-01-23,vip,US
872,2023-03-26,premium,RU
873,2023-08-25,premium,US
874,2023-04-02,premium,US
875,2023-11-28,premium,RU
876,2023-07-06,standard,FR
877,2023-11-22,premium,IN
878,2023-05-27,vip,DE
879,2024-01-07,vip,UK
880,2023-11-08,standard,DE
881,2024-02-06,vip,FR
882,2024-02-16,standard,DE
883,2023-09-23,standard,UK
884,2023-09-02,premium,IN
885,2023-03-24,premium,FR
886,2023-11-30,standard,US
887,2023-10-04,premium,UK
888,2023-10-21,premium,UK
889,2023-04-22,standard,UK
890,2023-10-29,vip,US
891,2023-08-02,premium,DE
892,2023-04-13,premium,IN
893,2023-02-26,vip,DE
894,2023-04-14,standard,DE
895,2023-09-13,premium,RU
896,2023-12-16,vip,FR
897,2023-07-06,vip,FR
898,2024-01-11,premium,UK
899,2023-12-20,vip,RU
900,2023-01-09,premium,US
901,2024-01-16,premium,DE
902,2023-10-03,standard,IN
903,2024-02-10,vip,DE
904,2023-08-07,standard,IN
905,2023-05-05,vip,DE
906,2023-10-29,standard,IN
907,2023-08-09,premium,FR
908,2023-06-15,premium,RU
909,2023-07-13,vip,US
910,2023-07-18,vip,IN
911,2023-02-11,vip,IN
912,2023-05-25,vip,FR
913,2024-01-02,standard,RU
914,2023-01-19,standard,UK
915,2023-07-29,vip,RU
916,2023-12-13,vip,US
917,2023-03-20,vip,FR
918,2023-12-11,vip,DE
919,2023-09-10,vip,UK
920,2023-11-18,premium,DE
921,2023-03-22,vip,RU
922,2023-06-23,premium,UK
923,2023-09-09,premium,UK
924,2023-03-02,vip,RU
925,2023-05-17,standard,US
926,2024-02-17,vip,UK
927,2023-06-11,premium,RU
928,2023-02-23,standard,IN
929,2023-09-21,premium,UK
930,2023-01-03,standard,DE
931,2023-12-17,standard,UK
932,2023-01-23,vip,FR
933,2023-11-15,standard,US
934,2023-08-29,standard,FR
935,2023-10-10,standard,IN
936,2023-05-23,premium,IN
937,2023-11-19,standard,US
938,2023-04-27,standard,US
939,2023-06-22,vip,UK
940,2023-04-06,vip,RU
941,2024-01-22,vip,UK
942,2023-03-27,premium,DE
943,2023-01-03,vip,IN
944,2023-06-23,premium,FR
945,2023-12-25,vip,RU
946,2023-12-08,premium,US
947,2023-10-05,vip,FR
948,2023-12-16,vip,RU
949,2024-01-20,standard,RU
950,2023-07-15,standard,FR
951,2023-06-06,standard,US
952,2023-09-15,premium,IN
953,2024-02-24,standard,FR
954,2023-11-17,vip,US
955,2023-08-20,premium,UK
956,2023-04-02,vip,UK
957,2023-04-28,premium,DE
958,2023-06-14,vip,DE
959,2023-10-13,standard,RU
960,2023-08-03,premium,US
961,2023-04-20,standard,US
962,2024-02-03,vip,DE
963,2023-01-06,premium,US
964,2023-09-17,standard,IN
965,2023-09-29,vip,RU
966,2024-01-04,premium,IN
967,2023-05-15,premium,RU
968,2024-02-04,standard,UK
969,2023-03-06,vip,RU
970,2023-05-06,standard,RU
971,2023-10-25,vip,RU
972,2023-03-19,vip,FR
973,2023-06-07,standard,FR
974,2023-04-08,standard,US
975,2023-08-08,premium,US
976,2023-09-08,premium,US
977,2023-09-25,standard,IN
978,2023-09-16,vip,FR
979,2023-05-12,premium,US
980,2023-11-25,premium,US
981,2023-02-18,standard,RU
982,2024-02-01,vip,IN
983,2023-05-03,premium,US
984,2023-10-15,premium,US
985,2023-01-10,standard,FR
986,2023-05-10,premium,RU
987,2023-06-15,vip,FR
988,2023-11-02,premium,DE
989,2023-09-07,standard,FR
990,2023-11-08,vip,IN
991,2023-10-13,vip,US
992,2023-08-07,standard,DE
993,2023-03-24,standard,IN
994,2023-05-20,standard,US
995,2024-02-13,vip,IN
996,2023-09-04,premium,FR
997,2023-02-12,premium,RU
998,2023-09-28,standard,US
999,2023-07-26,standard,RU
1000,2023-04-11,vip,FR
